Time, Voltage, Temperature 
22,1.6729869,23.94
143,1.6713756,23.94
264,1.6737926,23.94
385,1.675404,23.94
504,1.6737926,23.94
626,1.6729869,24.19
747,1.6866834,24.19
869,1.6713756,24.19
989,1.682655,24.19
1108,1.6745982,24.19
1229,1.6713756,24.19
1351,1.6866834,24.19
1472,1.6681529,24.19
1594,1.6713756,24.19
1714,1.680238,24.19
1834,1.6858778,24.19
1955,1.675404,24.19
2074,1.6721812,24.19
2196,1.6770153,24.19
2317,1.6762097,24.19
2439,1.6858778,24.19
2560,1.680238,24.19
2680,1.6794324,24.19
2801,1.6745982,24.19
2981,1.6737926,24.19
3102,1.68990608,24.19
3226,1.6810436,24.19
3346,1.6737926,24.19
3467,1.682655,24.19
3587,1.6874892,24.19
3708,1.6891004,24.19
3829,1.6858778,24.19
3950,1.6786266,24.19
4071,1.6745982,24.19
4192,1.675404,24.19
4311,1.682655,24.19
4431,1.6721812,24.19
4552,1.6762097,24.19
4674,1.6834607,24.19
4798,1.6858778,24.19
4920,1.6810436,24.19
5040,1.6866834,24.19
5161,1.6713756,24.19
5282,1.6850721,24.19
5407,1.682655,24.19
5526,1.6850721,24.19
5650,1.6834607,24.19
5774,1.6794324,24.19
5895,1.6866834,24.19
6019,1.6721812,24.19
6141,1.6737926,24.19
6262,1.6834607,24.19
6387,1.6745982,24.19
6508,1.680238,24.19
6627,1.6770153,24.19
6748,1.6834607,24.19
6873,1.6834607,24.19
6996,1.68990608,24.19
7119,1.6891004,24.19
7241,1.6745982,24.25
7362,1.6850721,24.25
7486,1.6762097,24.25
7607,1.677821,24.25
7726,1.6842664,24.25
7847,1.6770153,24.25
7968,1.6842664,24.25
8089,1.682655,24.25
8208,1.675404,24.25
8327,1.6858778,24.25
8448,1.6858778,24.25
8569,1.6810436,24.25
8691,1.6721812,24.25
8811,1.677821,24.25
8930,1.675404,24.25
9049,1.6745982,24.25
9171,1.6810436,24.19
9291,1.6786266,24.19
9412,1.6681529,24.19
9534,1.6705699,24.19
9655,1.6762097,24.19
9776,1.6858778,24.19
9897,1.6850721,24.19
10021,1.6866834,24.19
10143,1.6842664,24.19
10263,1.6834607,24.19
10387,1.6842664,24.19
10508,1.6834607,24.25
10632,1.6850721,24.25
10757,1.6762097,24.25
10878,1.6834607,24.25
11002,1.6891004,24.25
11124,1.6858778,24.25
11245,1.6729869,24.25
11367,1.6713756,24.25
11487,1.6866834,24.25
11608,1.6874892,24.25
11729,1.6713756,24.19
11854,1.6745982,24.19
11975,1.680238,24.19
12095,1.6850721,24.19
12219,1.6794324,24.19
12340,1.6770153,24.19
12462,1.6874892,24.19
12583,1.6866834,24.19
12704,1.6729869,24.19
12826,1.6705699,24.19
12947,1.6729869,24.25
13068,1.68990608,24.25
13192,1.68990608,24.25
13315,1.6713756,24.25
13437,1.680238,24.25
13556,1.68990608,24.25
13679,1.677821,24.25
13799,1.677821,24.25
13918,1.6834607,24.25
14043,1.6842664,24.25
14163,1.6842664,24.19
14284,1.6866834,24.19
14405,1.6794324,24.19
14527,1.6858778,24.19
14648,1.6745982,24.19
14769,1.6786266,24.19
14890,1.682655,24.19
15009,1.6874892,24.19
15129,1.6810436,24.19
15250,1.6810436,24.19
15371,1.6729869,24.19
15493,1.6842664,24.19
15614,1.6770153,24.19
15736,1.6786266,24.19
15857,1.6705699,24.19
15979,1.6882948,24.19
16099,1.6858778,24.25
16220,1.6794324,24.25
16341,1.675404,24.25
16460,1.682655,24.25
16579,1.6850721,24.25
16703,1.6850721,24.25
16827,1.6834607,24.25
16951,1.677821,24.25
17071,1.68990608,24.25
17195,1.6834607,24.25
17318,1.6737926,24.25
17439,1.6891004,24.25
17564,1.6810436,24.25
17685,1.6737926,24.25
17806,1.6891004,24.25
17927,1.6850721,24.25
18051,1.6874892,24.19
18172,1.6737926,24.19
18293,1.6794324,24.19
18413,1.6874892,24.19
18534,1.6834607,24.19
18658,1.682655,24.25
18778,1.6745982,24.25
18899,1.6794324,24.25
19020,1.6713756,24.25
19142,1.6762097,24.25
19263,1.6762097,24.25
19384,1.6874892,24.25
19505,1.6762097,24.25
19627,1.6850721,24.25
19750,1.6770153,24.25
19872,1.6745982,24.25
19993,1.6762097,24.19
20114,1.6850721,24.19
20238,1.6834607,24.19
20362,1.6842664,24.19
20483,1.6729869,24.19
20605,1.6770153,24.19
20727,1.6737926,24.19
20848,1.682655,24.19
20967,1.677821,24.19
21086,1.6770153,24.19
21208,1.6882948,24.25
21328,1.682655,24.25
21448,1.6842664,24.25
21569,1.6762097,24.25
21691,1.6762097,24.25
21812,1.680238,24.25
21931,1.6762097,24.19
22053,1.6874892,24.19
22174,1.6931288,24.19
22295,1.6842664,24.19
22417,1.6737926,24.19
22538,1.69071168,24.19
22661,1.6705699,24.25
22782,1.6745982,24.25
22903,1.6737926,24.25
23025,1.677821,24.25
23144,1.680238,24.25
23298,1.6721812,24.25
23419,1.6737926,24.25
23541,1.680238,24.25
23660,1.677821,24.25
23780,1.6842664,24.25
23901,1.677821,24.19
24021,1.6842664,24.19
24142,1.6874892,24.19
24263,1.6794324,24.19
24384,1.6874892,24.19
24505,1.68990608,24.19
24629,1.680238,24.25
24748,1.6770153,24.25
24870,1.6810436,24.25
24991,1.6770153,24.25
25113,1.680238,24.25
25233,1.682655,24.19
25352,1.6713756,24.19
25474,1.682655,24.19
25593,1.6874892,24.19
25714,1.677821,24.19
25834,1.677821,24.19
25954,1.680238,24.25
26073,1.6794324,24.25
26193,1.6850721,24.25
26317,1.6842664,24.25
26438,1.68990608,24.25
26561,1.682655,24.25
26680,1.6762097,24.19
26801,1.6762097,24.19
26923,1.6834607,24.19
27047,1.6770153,24.19
27168,1.6729869,24.19
27289,1.6729869,24.25
27410,1.6891004,24.25
27531,1.69071168,24.25
27654,1.6770153,24.25
27775,1.682655,24.25
27894,1.6915176,24.25
28014,1.682655,24.25
28133,1.69071168,24.25
28256,1.6850721,24.25
28380,1.680238,24.25
28499,1.6794324,24.25
28619,1.6762097,24.19
28740,1.6866834,24.19
28864,1.6810436,24.19
28986,1.6858778,24.19
29107,1.6842664,24.19
29228,1.6858778,24.19
29349,1.69071168,24.25
29472,1.68990608,24.25
29595,1.6737926,24.25
29716,1.6874892,24.25
29836,1.6874892,24.25
29956,1.6842664,24.19
30077,1.6810436,24.19
30198,1.6842664,24.19
30319,1.68990608,24.19
30442,1.6850721,24.19
30566,1.6842664,24.25
30687,1.6858778,24.25
30808,1.6762097,24.25
30929,1.677821,24.25
31048,1.6858778,24.25
31169,1.6915176,24.25
31289,1.6770153,24.25
31410,1.6770153,24.25
31531,1.6842664,24.25
31652,1.6874892,24.25
31772,1.680238,24.25
31891,1.6858778,24.25
32012,1.680238,24.25
32131,1.6891004,24.25
32252,1.6770153,24.25
32373,1.6931288,24.25
32494,1.6891004,24.25
32615,1.6850721,24.25
32739,1.69071168,24.25
32862,1.6866834,24.25
32983,1.6882948,24.25
33103,1.6794324,24.25
33223,1.68990608,24.25
33346,1.6850721,24.19
33470,1.677821,24.19
33589,1.6915176,24.19
33709,1.682655,24.19
33828,1.6874892,24.19
33948,1.6891004,24.25
34069,1.6850721,24.25
34193,1.6923232,24.25
34313,1.682655,24.25
34432,1.6842664,24.25
34555,1.6915176,24.25
34676,1.6850721,24.25
34800,1.6891004,24.25
34921,1.6745982,24.25
35042,1.6866834,24.25
35163,1.6794324,24.25
35283,1.6810436,24.25
35404,1.6770153,24.25
35525,1.6745982,24.25
35646,1.6834607,24.25
35770,1.6874892,24.25
35890,1.6745982,24.25
36011,1.6737926,24.25
36132,1.675404,24.25
36251,1.6786266,24.25
36372,1.6810436,24.25
36493,1.6794324,24.25
36613,1.6850721,24.25
36737,1.682655,24.25
36856,1.6786266,24.25
36977,1.6762097,24.25
37098,1.6858778,24.25
37219,1.6729869,24.25
37340,1.69071168,24.25
37463,1.6858778,24.25
37584,1.682655,24.25
37703,1.6882948,24.25
37823,1.6850721,24.25
37947,1.6850721,24.25
38071,1.68990608,24.25
38194,1.6915176,24.25
38315,1.6810436,24.25
38436,1.6810436,24.25
38557,1.6866834,24.25
38678,1.682655,24.25
38797,1.69071168,24.25
38920,1.68990608,24.25
39043,1.6923232,24.25
39163,1.6891004,24.25
39284,1.6794324,24.25
39404,1.6850721,24.25
39528,1.6810436,24.25
39649,1.6794324,24.25
39770,1.677821,24.25
39889,1.68990608,24.25
40012,1.6786266,24.25
40133,1.6891004,24.25
40257,1.675404,24.25
40377,1.677821,24.25
40496,1.6891004,24.25
40617,1.680238,24.25
40736,1.6721812,24.25
40857,1.6891004,24.25
40978,1.6786266,24.19
41099,1.6745982,24.19
41220,1.6842664,24.19
41341,1.6850721,24.19
41465,1.69554584,24.19
41588,1.6794324,24.19
41709,1.675404,24.19
41828,1.6866834,24.19
41949,1.6923232,24.19
42069,1.6834607,24.19
42193,1.6770153,24.19
42314,1.6834607,24.25
42438,1.69071168,24.25
42561,1.6745982,24.25
42682,1.6810436,24.25
42803,1.69071168,24.25
42926,1.680238,24.25
43045,1.6745982,24.25
43166,1.6794324,24.25
43287,1.69071168,24.25
43410,1.6842664,24.25
43531,1.6866834,24.25
43652,1.682655,24.25
43771,1.6786266,24.25
43892,1.69071168,24.25
44015,1.6745982,24.25
44136,1.6786266,24.25
44257,1.6850721,24.19
44381,1.682655,24.19
44500,1.6891004,24.19
44621,1.6762097,24.19
44742,1.6810436,24.19
44863,1.677821,24.19
44982,1.6794324,24.25
45102,1.6842664,24.25
45223,1.677821,24.25
45342,1.6923232,24.25
45462,1.677821,24.25
45581,1.68990608,24.25
45704,1.6786266,24.19
45861,1.682655,24.19
45981,1.6842664,24.19
46102,1.6842664,24.19
46223,1.6729869,24.19
46344,1.6762097,24.19
46465,1.6850721,24.19
46589,1.6786266,24.19
46710,1.6842664,24.19
46831,1.68990608,24.19
46954,1.6850721,24.19
47078,1.6745982,24.19
47199,1.69071168,24.25
47322,1.682655,24.25
47441,1.6891004,24.25
47562,1.6770153,24.25
47683,1.6786266,24.25
47804,1.68990608,24.19
47927,1.6858778,24.19
48048,1.6915176,24.19
48169,1.68990608,24.19
48292,1.6866834,24.19
48413,1.6923232,24.19
48533,1.6915176,24.25
48654,1.6866834,24.25
48775,1.6842664,24.25
48896,1.6842664,24.25
49017,1.68990608,24.25
49140,1.6745982,24.25
49261,1.69071168,24.25
49384,1.6866834,24.25
49505,1.69071168,24.25
49628,1.6834607,24.25
49752,1.6834607,24.25
49876,1.6762097,24.25
49997,1.6850721,24.25
50121,1.6915176,24.25
50242,1.6858778,24.25
50363,1.6874892,24.25
50484,1.677821,24.25
50603,1.6770153,24.25
50724,1.6810436,24.25
50845,1.675404,24.25
50964,1.6891004,24.25
51085,1.677821,24.25
51204,1.682655,24.25
51323,1.6850721,24.25
51450,1.6810436,24.25
51571,1.6923232,24.25
51691,1.675404,24.25
51810,1.677821,24.25
51929,1.6866834,24.25
52050,1.69554584,24.25
52173,1.6745982,24.25
52294,1.680238,24.25
52413,1.6737926,24.25
52534,1.69071168,24.25
52657,1.6745982,24.25
52778,1.680238,24.25
52897,1.6762097,24.25
53018,1.69071168,24.25
53141,1.6737926,24.25
53262,1.682655,24.25
53381,1.6770153,24.25
53502,1.6874892,24.25
53623,1.6842664,24.25
53744,1.677821,24.25
53863,1.6762097,24.25
53984,1.6786266,24.25
54105,1.6810436,24.25
54226,1.6866834,24.25
54347,1.6745982,24.25
54468,1.6882948,24.25
54588,1.6737926,24.25
54709,1.682655,24.25
54828,1.6891004,24.25
54949,1.6891004,24.25
55070,1.6866834,24.25
55191,1.680238,24.25
55310,1.6834607,24.25
55434,1.6721812,24.25
55555,1.6858778,24.25
55676,1.6745982,24.25
55797,1.6794324,24.25
55918,1.6842664,24.25
56039,1.677821,24.25
56158,1.6737926,24.25
56279,1.6858778,24.25
56400,1.6915176,24.25
56521,1.6874892,24.25
56642,1.677821,24.25
56761,1.677821,24.25
56880,1.6762097,24.25
57001,1.682655,24.25
57124,1.6745982,24.25
57245,1.6729869,24.25
57366,1.6737926,24.25
57487,1.6794324,24.25
57608,1.6786266,24.25
57729,1.6737926,24.25
57850,1.6729869,24.25
57971,1.6737926,24.25
58092,1.677821,24.25
58211,1.675404,24.25
58330,1.68990608,24.25
58453,1.6874892,24.25
58574,1.6858778,24.25
58695,1.6713756,24.25
58816,1.6794324,24.25
58937,1.6850721,24.25
59061,1.68990608,24.25
59184,1.6737926,24.25
59305,1.6737926,24.25
59426,1.6770153,24.25
59547,1.6745982,24.25
59668,1.6713756,24.25
59789,1.6834607,24.25
59913,1.6858778,24.25
60034,1.6842664,24.25
60155,1.6794324,24.25
60276,1.6681529,24.25
60397,1.6745982,24.25
60518,1.6866834,24.25
60639,1.6737926,24.25
60760,1.6737926,24.25
60881,1.677821,24.25
61000,1.6874892,24.25
61121,1.6770153,24.25
61242,1.6794324,24.25
61363,1.6729869,24.25
61484,1.6850721,24.25
61608,1.6874892,24.25
61729,1.6721812,24.25
61850,1.6745982,24.25
61971,1.6786266,24.25
62092,1.6737926,24.25
62213,1.6858778,24.25
62334,1.677821,24.25
62454,1.6874892,24.25
62574,1.6794324,24.25
62695,1.6891004,24.31
62819,1.6762097,24.31
62941,1.6737926,24.31
63062,1.6762097,24.31
63183,1.6850721,24.31
63307,1.6866834,24.31
63428,1.6866834,24.25
63549,1.6721812,24.25
63670,1.6834607,24.25
63794,1.680238,24.25
63913,1.677821,24.25
64032,1.6794324,24.25
64153,1.6850721,24.25
64277,1.6834607,24.25
64401,1.6850721,24.25
64525,1.6834607,24.25
64649,1.6770153,24.25
64770,1.6713756,24.25
64891,1.6850721,24.25
65015,1.6705699,24.25
65136,1.6850721,24.25
65260,1.6729869,24.25
65381,1.6673472,24.25
65502,1.677821,24.25
65621,1.6794324,24.25
65742,1.6874892,24.25
65863,1.6745982,24.25
65984,1.6762097,24.31
66105,1.6850721,24.31
66229,1.6923232,24.31
66349,1.6866834,24.31
66470,1.677821,24.31
66589,1.680238,24.31
66708,1.6834607,24.25
66832,1.6842664,24.25
66953,1.677821,24.25
67072,1.6737926,24.25
67193,1.6721812,24.25
67314,1.6794324,24.25
67435,1.677821,24.31
67555,1.682655,24.31
67674,1.682655,24.31
67793,1.6770153,24.31
67914,1.6786266,24.31
68035,1.6745982,24.31
68156,1.6850721,24.25
68280,1.6729869,24.25
68401,1.6770153,24.25
68561,1.6866834,24.25
68683,1.6713756,24.25
68804,1.6850721,24.25
68928,1.6737926,24.25
69049,1.6713756,24.25
69170,1.682655,24.25
69290,1.6729869,24.25
69411,1.6721812,24.25
69532,1.6770153,24.25
69653,1.6681529,24.25
69774,1.6786266,24.25
69895,1.6737926,24.25
70016,1.6713756,24.25
70137,1.6850721,24.25
70261,1.6713756,24.25
70382,1.6705699,24.25
70503,1.6745982,24.25
70624,1.6866834,24.25
70745,1.6762097,24.25
70866,1.6770153,24.31
70987,1.6729869,24.31
71108,1.6866834,24.31
71229,1.6850721,24.31
71353,1.6834607,24.31
71477,1.6770153,24.31
71598,1.6794324,24.25
71719,1.6729869,24.25
71840,1.675404,24.25
71959,1.6810436,24.25
72080,1.6834607,24.25
72204,1.6762097,24.25
72325,1.6866834,24.25
72446,1.6673472,24.25
72567,1.6745982,24.25
72688,1.6858778,24.25
72809,1.6729869,24.31
72930,1.6721812,24.31
73051,1.6874892,24.31
73172,1.680238,24.31
73291,1.6834607,24.31
73415,1.6681529,24.31
73536,1.6697643,24.25
73657,1.6762097,24.25
73778,1.675404,24.25
73897,1.6737926,24.25
74018,1.6705699,24.25
74139,1.682655,24.31
74262,1.6697643,24.31
74383,1.6842664,24.31
74504,1.677821,24.31
74624,1.6770153,24.31
74745,1.6786266,24.31
74866,1.6729869,24.31
74987,1.682655,24.31
75106,1.6713756,24.31
75227,1.6786266,24.31
75348,1.680238,24.31
75467,1.6729869,24.31
75588,1.6713756,24.31
75709,1.6794324,24.31
75830,1.6713756,24.31
75951,1.6858778,24.31
76072,1.6737926,24.31
76193,1.682655,24.31
76313,1.6770153,24.31
76434,1.6858778,24.31
76555,1.6713756,24.31
76676,1.6834607,24.31
76800,1.6737926,24.31
76921,1.682655,24.31
77041,1.6866834,24.31
77162,1.6818494,24.31
77283,1.6713756,24.31
77404,1.6745982,24.31
77525,1.6713756,24.31
77646,1.677821,24.31
77766,1.6842664,24.31
77887,1.6770153,24.31
78008,1.6705699,24.31
78129,1.6810436,24.31
78250,1.6786266,24.31
78371,1.6729869,24.31
78492,1.682655,24.31
78611,1.6866834,24.31
78732,1.682655,24.31
78852,1.675404,24.31
78971,1.6858778,24.25
79092,1.6891004,24.25
79218,1.680238,24.25
79337,1.68990608,24.25
79460,1.6810436,24.25
79581,1.6858778,24.25
79702,1.6794324,24.25
79823,1.6858778,24.25
79948,1.6770153,24.25
80069,1.6882948,24.25
80189,1.6834607,24.25
80313,1.6874892,24.31
80434,1.6810436,24.31
80555,1.68990608,24.31
80678,1.6866834,24.31
80799,1.6737926,24.31
80920,1.6818494,24.25
81041,1.6794324,24.25
81162,1.6834607,24.25
81286,1.680238,24.25
81405,1.6794324,24.25
81526,1.6786266,24.25
81647,1.680238,24.25
81766,1.6770153,24.25
81887,1.6858778,24.25
82008,1.680238,24.25
82127,1.6858778,24.25
82248,1.677821,24.25
82368,1.6786266,24.25
82489,1.6891004,24.25
82610,1.682655,24.25
82730,1.6786266,24.25
82851,1.6818494,24.25
82972,1.6874892,24.25
83093,1.6745982,24.25
83214,1.677821,24.25
83334,1.6770153,24.25
83455,1.6939346,24.25
83576,1.6842664,24.25
83697,1.6891004,24.25
83818,1.6874892,24.25
83939,1.682655,24.25
84059,1.6931288,24.25
84180,1.6891004,24.25
84301,1.680238,24.25
84420,1.682655,24.25
84539,1.6915176,24.25
84659,1.6915176,24.25
84780,1.680238,24.25
84899,1.6939346,24.25
85020,1.6842664,24.25
85141,1.6939346,24.25
85262,1.6770153,24.25
85383,1.6915176,24.25
85506,1.6915176,24.25
85627,1.6866834,24.25
85748,1.69554584,24.25
85871,1.6842664,24.25
85992,1.6786266,24.25
86113,1.682655,24.25
86232,1.6874892,24.25
86353,1.6923232,24.25
86473,1.6794324,24.25
86594,1.677821,24.25
86713,1.69071168,24.25
86836,1.6931288,24.25
86957,1.6891004,24.25
87078,1.6891004,24.25
87199,1.6939346,24.25
87320,1.69635152,24.25
87443,1.6947402,24.25
87564,1.682655,24.25
87683,1.6834607,24.19
87807,1.6858778,24.19
87928,1.6931288,24.19
88049,1.682655,24.19
88169,1.6874892,24.19
88290,1.68990608,24.19
88413,1.69635152,24.19
88536,1.69635152,24.19
88659,1.6915176,24.19
88780,1.680238,24.19
88899,1.6939346,24.19
89020,1.6858778,24.19
89141,1.6939346,24.19
89262,1.6842664,24.19
89383,1.6850721,24.19
89507,1.680238,24.19
89626,1.6915176,24.19
89747,1.6915176,24.19
89868,1.69554584,24.19
89991,1.682655,24.19
90111,1.6834607,24.19
90235,1.68990608,24.19
90358,1.6931288,24.19
90479,1.6842664,24.19
90600,1.6915176,24.19
90721,1.6874892,24.19
90842,1.6891004,24.19
90963,1.6834607,24.19
91087,1.69876852,24.19
91248,1.6810436,24.19
91370,1.6923232,24.19
91490,1.6874892,24.19
91611,1.6858778,24.19
91732,1.6891004,24.19
91853,1.6866834,24.19
91974,1.6971572,24.19
92095,1.6866834,24.19
92216,1.69796284,24.19
92339,1.6834607,24.19
92463,1.6842664,24.19
92584,1.69554584,24.19
92707,1.6818494,24.19
92828,1.6915176,24.19
92949,1.6923232,24.19
93069,1.6874892,24.19
93190,1.6891004,24.19
93311,1.6866834,24.19
93432,1.6858778,24.19
93553,1.682655,24.19
93672,1.6874892,24.19
93793,1.6874892,24.19
93914,1.6995744,24.19
94035,1.6931288,24.19
94156,1.6874892,24.12
94277,1.6834607,24.12
94401,1.6834607,24.12
94525,1.6842664,24.12
94646,1.6995744,24.12
94767,1.6931288,24.12
94888,1.6931288,24.19
95009,1.6923232,24.19
95130,1.6786266,24.19
95251,1.6971572,24.19
95372,1.6947402,24.19
95493,1.6842664,24.12
95614,1.68990608,24.12
95737,1.6858778,24.12
95858,1.69554584,24.12
95981,1.68990608,24.12
96104,1.68990608,24.12
96227,1.6850721,24.19
96351,1.69635152,24.19
96474,1.69554584,24.19
96597,1.6923232,24.19
96718,1.6834607,24.19
96844,1.69796284,24.12
96967,1.6866834,24.12
97088,1.6939346,24.12
97209,1.6874892,24.12
97329,1.6866834,24.12
97450,1.6995744,24.12
97571,1.6858778,24.12
97692,1.69554584,24.12
97815,1.6995744,24.12
97936,1.6891004,24.12
98057,1.69071168,24.19
98180,1.6931288,24.19
98301,1.6834607,24.19
98425,1.6891004,24.19
98546,1.6834607,24.19
98670,1.70038,24.12
98788,1.6850721,24.12
98912,1.6874892,24.12
99033,1.69796284,24.12
99156,1.6971572,24.12
99277,1.6995744,24.12
99398,1.6866834,24.12
99519,1.6995744,24.12
99640,1.6931288,24.12
99761,1.6923232,24.12
99881,1.69554584,24.12
100004,1.69635152,24.12
100127,1.70038,24.12
100245,1.6995744,24.12
100366,1.6850721,24.12
100490,1.69876852,24.12
100613,1.70038,24.12
100731,1.70038,24.12
100849,1.6858778,24.12
100970,1.69071168,24.12
101093,1.6971572,24.12
101214,1.6971572,24.12
101335,1.68990608,24.12
101458,1.6866834,24.12
101579,1.70199132,24.12
101702,1.6971572,24.12
101823,1.69635152,24.12
101946,1.6891004,24.12
102067,1.6866834,24.12
102188,1.7068252,24.12
102312,1.69876852,24.12
102435,1.68990608,24.12
102559,1.69635152,24.12
102682,1.70360268,24.12
102805,1.6995744,24.12
102926,1.69071168,24.12
103049,1.69554584,24.12
103172,1.69635152,24.12
103295,1.6842664,24.12
103416,1.70199132,24.12
103539,1.70279692,24.12
103662,1.6874892,24.12
103783,1.69635152,24.12
103906,1.6866834,24.12
104027,1.69071168,24.12
104150,1.69635152,24.12
104273,1.6939346,24.12
104394,1.6850721,24.12
104518,1.6850721,24.12
104642,1.69635152,24.12
104765,1.68990608,24.12
104888,1.6923232,24.12
105008,1.6971572,24.12
105129,1.68990608,24.12
105252,1.70038,24.12
105370,1.6858778,24.12
105491,1.68990608,24.12
105614,1.6866834,24.12
105735,1.6995744,24.12
105856,1.6891004,24.12
105977,1.69796284,24.12
106100,1.69635152,24.12
106223,1.6866834,24.12
106344,1.70279692,24.12
106467,1.69635152,24.12
106590,1.6891004,24.12
106711,1.69071168,24.12
106834,1.69796284,24.12
106957,1.69876852,24.12
107080,1.69796284,24.12
107203,1.6866834,24.12
107324,1.6874892,24.12
107445,1.6850721,24.12
107569,1.6866834,24.12
107694,1.6866834,24.12
107815,1.68990608,24.12
107939,1.6995744,24.12
108060,1.6971572,24.06
108181,1.70360268,24.06
108304,1.69796284,24.06
108427,1.6866834,24.06
108548,1.6915176,24.06
108669,1.69635152,24.12
108792,1.6842664,24.12
108913,1.682655,24.12
109033,1.69876852,24.12
109156,1.6850721,24.12
109280,1.68990608,24.12
109403,1.6866834,24.12
109524,1.6891004,24.12
109645,1.6995744,24.12
109766,1.6891004,24.12
109887,1.6931288,24.12
110008,1.69796284,24.12
110131,1.6995744,24.12
110252,1.6810436,24.12
110373,1.6915176,24.12
110493,1.69796284,24.12
110616,1.69876852,24.12
110739,1.682655,24.12
110859,1.6971572,24.12
110980,1.682655,24.12
111100,1.69635152,24.12
111223,1.6874892,24.12
111344,1.6931288,24.12
111465,1.6947402,24.12
111586,1.69635152,24.12
111709,1.69554584,24.12
111832,1.6931288,24.12
111953,1.682655,24.12
112073,1.6842664,24.12
112194,1.69796284,24.12
112317,1.6842664,24.12
112438,1.69071168,24.12
112561,1.6850721,24.12
112685,1.6834607,24.12
112809,1.6939346,24.12
112930,1.70440832,24.12
113094,1.677821,24.12
113214,1.6931288,24.12
113335,1.69796284,24.12
113458,1.6971572,24.12
113579,1.6874892,24.12
113700,1.6874892,24.12
113821,1.69071168,24.12
113944,1.6882948,24.12
114065,1.69635152,24.12
114188,1.6858778,24.06
114309,1.6866834,24.06
114430,1.69876852,24.06
114553,1.6971572,24.06
114674,1.69876852,24.06
114797,1.682655,24.12
114916,1.6915176,24.12
115036,1.6931288,24.12
115157,1.6794324,24.12
115278,1.69796284,24.12
115401,1.69635152,24.12
115524,1.6923232,24.12
115644,1.6971572,24.12
115765,1.6923232,24.12
115886,1.69796284,24.12
116009,1.68990608,24.12
116132,1.6971572,24.12
116253,1.6915176,24.12
116374,1.6850721,24.12
116498,1.6971572,24.12
116619,1.6834607,24.12
116743,1.6842664,24.12
116864,1.6874892,24.12
116985,1.6810436,24.12
117106,1.682655,24.12
117225,1.6931288,24.12
117346,1.6923232,24.12
117467,1.6850721,24.12
117591,1.6850721,24.12
117715,1.69071168,24.12
117838,1.6858778,24.12
117959,1.682655,24.12
118078,1.69635152,24.12
118201,1.69071168,24.12
118324,1.69071168,24.12
118450,1.6834607,24.12
118574,1.6939346,24.12
118695,1.6858778,24.12
118816,1.6810436,24.12
118937,1.680238,24.12
119056,1.69071168,24.12
119179,1.6931288,24.12
119300,1.6939346,24.12
119421,1.6931288,24.12
119542,1.6810436,24.12
119663,1.6834607,24.12
119787,1.69796284,24.12
119910,1.6923232,24.12
120031,1.69554584,24.12
120154,1.682655,24.12
120274,1.680238,24.12
120393,1.69554584,24.12
120516,1.6834607,24.12
120640,1.680238,24.12
120760,1.6866834,24.12
120881,1.6858778,24.12
121002,1.6842664,24.12
121123,1.6850721,24.12
121247,1.6866834,24.12
121368,1.6882948,24.12
121489,1.6810436,24.12
121610,1.6915176,24.12
121731,1.6794324,24.12
121852,1.682655,24.12
121972,1.6858778,24.12
122093,1.6770153,24.12
122214,1.6794324,24.12
122335,1.6858778,24.12
122457,1.6834607,24.12
122581,1.6834607,24.12
122705,1.6939346,24.12
122826,1.677821,24.12
122946,1.6923232,24.12
123067,1.6939346,24.12
123188,1.6923232,24.12
123309,1.6858778,24.12
123430,1.6810436,24.12
123551,1.6882948,24.12
123672,1.68990608,24.12
123799,1.6939346,24.12
123921,1.6858778,24.12
124042,1.677821,24.12
124161,1.68990608,24.12
124284,1.69554584,24.12
124407,1.68990608,24.12
124531,1.6810436,24.12
124652,1.6923232,24.12
124772,1.677821,24.12
124891,1.6882948,24.12
125011,1.6786266,24.12
125132,1.680238,24.12
125252,1.6834607,24.12
125376,1.680238,24.12
125495,1.6891004,24.12
125616,1.6850721,24.12
125740,1.6770153,24.12
125861,1.69071168,24.12
125984,1.69554584,24.12
126107,1.6818494,24.12
126228,1.6850721,24.12
126352,1.6810436,24.12
126473,1.6786266,24.12
126594,1.6874892,24.12
126715,1.6971572,24.12
126836,1.680238,24.12
126955,1.6923232,24.12
127075,1.69554584,24.12
127198,1.6882948,24.12
127318,1.6794324,24.12
127438,1.6874892,24.12
127559,1.6915176,24.12
127680,1.6923232,24.12
127800,1.682655,24.12
127920,1.6842664,24.12
128041,1.6786266,24.12
128163,1.6786266,24.12
128284,1.6923232,24.12
128405,1.69554584,24.12
128528,1.682655,24.12
128648,1.6810436,24.12
128769,1.682655,24.12
128889,1.6874892,24.12
129010,1.6770153,24.12
129131,1.680238,24.12
129254,1.677821,24.12
129373,1.6866834,24.12
129495,1.680238,24.12
129614,1.6770153,24.12
129735,1.69071168,24.12
129858,1.6915176,24.12
129979,1.680238,24.12
130098,1.68990608,24.12
130221,1.6923232,24.12
130342,1.6786266,24.12
130463,1.6786266,24.12
130584,1.6915176,24.12
130705,1.6770153,24.12
130827,1.6850721,24.12
130950,1.6794324,24.12
131070,1.6794324,24.12
131191,1.6866834,24.12
131312,1.680238,24.12
131432,1.6891004,24.12
131553,1.69071168,24.12
131676,1.6939346,24.12
131797,1.680238,24.12
131917,1.677821,24.12
132036,1.68990608,24.12
132159,1.68990608,24.12
132282,1.6786266,24.12
132403,1.6810436,24.12
132524,1.677821,24.12
132644,1.69071168,24.12
132767,1.6745982,24.12
132889,1.6810436,24.12
133009,1.6842664,24.12
133130,1.6915176,24.12
133251,1.6842664,24.12
133372,1.6858778,24.12
133493,1.68990608,24.12
133616,1.6794324,24.12
133737,1.682655,24.12
133857,1.6834607,24.12
133981,1.680238,24.12
134101,1.6850721,24.12
134225,1.6858778,24.12
134346,1.677821,24.12
134466,1.677821,24.19
134585,1.6874892,24.19
134750,1.6858778,24.19
134872,1.68990608,24.19
134996,1.6939346,24.19
135117,1.682655,24.12
135237,1.6794324,24.12
135358,1.6866834,24.12
135479,1.6834607,24.12
135603,1.6834607,24.12
135727,1.69071168,24.12
135850,1.6866834,24.12
135972,1.6931288,24.12
136092,1.6745982,24.12
136213,1.68990608,24.12
136336,1.6874892,24.12
136457,1.6874892,24.12
136578,1.6729869,24.12
136700,1.6850721,24.12
136823,1.6858778,24.12
136944,1.68990608,24.12
137067,1.6850721,24.12
137191,1.680238,24.12
137311,1.6818494,24.12
137432,1.677821,24.12
137552,1.6858778,24.12
137673,1.68990608,24.12
137796,1.6834607,24.12
137920,1.6850721,24.12
138044,1.6842664,24.12
138165,1.68990608,24.12
138289,1.6786266,24.12
138410,1.6931288,24.12
138532,1.6850721,24.12
138655,1.6891004,24.12
138776,1.6923232,24.12
138896,1.6834607,24.12
139020,1.680238,24.12
139140,1.6891004,24.12
139260,1.6850721,24.12
139384,1.680238,24.12
139503,1.6810436,24.12
139624,1.6842664,24.12
139745,1.6866834,24.12
139866,1.6931288,24.12
139987,1.6762097,24.12
140112,1.6834607,24.12
140236,1.6770153,24.12
140358,1.68990608,24.12
140482,1.6842664,24.12
140602,1.68990608,24.12
140725,1.6915176,24.12
140846,1.6786266,24.12
140967,1.69071168,24.12
141090,1.6971572,24.12
141211,1.6891004,24.12
141333,1.6794324,24.12
141454,1.6923232,24.12
141574,1.680238,24.12
141693,1.6939346,24.12
141814,1.682655,24.12
141934,1.6858778,24.12
142056,1.6786266,24.12
142177,1.68990608,24.12
142300,1.6762097,24.12
142422,1.6842664,24.12
142543,1.6842664,24.12
142665,1.6786266,24.12
142786,1.6874892,24.12
142907,1.6882948,24.12
143027,1.677821,24.12
143146,1.6786266,24.12
143267,1.6939346,24.12
143389,1.6866834,24.12
143510,1.6939346,24.12
143631,1.682655,24.12
143751,1.6939346,24.12
143872,1.6850721,24.12
143996,1.6923232,24.12
144117,1.68990608,24.12
144240,1.69071168,24.12
144363,1.6842664,24.12
144484,1.6834607,24.12
144609,1.6770153,24.12
144730,1.6995744,24.12
144852,1.68990608,24.12
144975,1.6995744,24.12
145096,1.6915176,24.12
145217,1.6915176,24.12
145338,1.6931288,24.12
145463,1.6858778,24.12
145584,1.6794324,24.12
145705,1.6931288,24.12
145827,1.68990608,24.12
145950,1.6858778,24.12
146072,1.6810436,24.12
146192,1.6850721,24.12
146316,1.6858778,24.12
146438,1.6915176,24.12
146559,1.6915176,24.12
146680,1.6866834,24.12
146801,1.69554584,24.12
146924,1.6891004,24.12
147045,1.6858778,24.12
147166,1.6770153,24.12
147287,1.68990608,24.12
147410,1.6866834,24.12
147531,1.6939346,24.12
147652,1.6866834,24.12
147773,1.69071168,24.12
147896,1.6971572,24.12
148017,1.6818494,24.12
148138,1.69071168,24.12
148262,1.6891004,24.12
148382,1.6834607,24.12
148506,1.6939346,24.12
148627,1.6810436,24.12
148748,1.6770153,24.12
148869,1.6834607,24.12
148994,1.6810436,24.12
149115,1.6939346,24.12
149236,1.6995744,24.12
149358,1.69635152,24.12
149480,1.6810436,24.12
149601,1.680238,24.12
149720,1.6842664,24.12
149841,1.6931288,24.12
149962,1.6939346,24.12
150083,1.68990608,24.12
150206,1.6939346,24.12
150327,1.6891004,24.12
150448,1.69554584,24.12
150571,1.68990608,24.12
150695,1.69554584,24.12
150821,1.6850721,24.12
150945,1.6858778,24.12
151066,1.677821,24.12
151186,1.6842664,24.12
151307,1.69071168,24.12
151430,1.6858778,24.12
151551,1.6786266,24.12
151672,1.69876852,24.12
151796,1.69071168,24.12
151918,1.6858778,24.12
152039,1.69876852,24.12
152163,1.68990608,24.12
152286,1.68990608,24.12
152410,1.6842664,24.12
152530,1.6858778,24.12
152651,1.6858778,24.12
152772,1.6923232,24.12
152892,1.6947402,24.12
153013,1.6866834,24.12
153134,1.6842664,24.12
153255,1.6858778,24.12
153377,1.6923232,24.12
153497,1.6923232,24.12
153618,1.6850721,24.12
153742,1.69554584,24.12
153865,1.6891004,24.12
153986,1.680238,24.12
154105,1.68990608,24.12
154229,1.6858778,24.12
154350,1.6971572,24.12
154472,1.69635152,24.12
154594,1.69071168,24.12
154717,1.682655,24.12
154837,1.6931288,24.12
154958,1.6842664,24.12
155079,1.6915176,24.12
155200,1.680238,24.12
155320,1.6842664,24.12
155441,1.69796284,24.12
155564,1.6850721,24.12
155688,1.6842664,24.12
155814,1.6931288,24.12
155935,1.6834607,24.12
156059,1.6858778,24.12
156183,1.682655,24.12
156342,1.6971572,24.12
156463,1.6915176,24.12
156584,1.6794324,24.12
156705,1.69635152,24.12
156828,1.6915176,24.12
156949,1.6850721,24.12
157074,1.6866834,24.12
157195,1.69635152,24.12
157318,1.6842664,24.12
157439,1.6858778,24.12
157560,1.69635152,24.12
157683,1.6931288,24.12
157804,1.69876852,24.12
157927,1.6842664,24.12
158048,1.6971572,24.12
158169,1.6939346,24.12
158290,1.6858778,24.12
158411,1.6971572,24.12
158532,1.68990608,24.12
158656,1.6874892,24.12
158777,1.6891004,24.12
158898,1.6810436,24.06
159019,1.69796284,24.06
159142,1.6923232,24.06
159262,1.69635152,24.06
159385,1.6874892,24.06
159505,1.6931288,24.12
159626,1.6866834,24.12
159748,1.6850721,24.12
159871,1.6834607,24.12
159995,1.6923232,24.12
160115,1.69554584,24.12
160238,1.6923232,24.12
160358,1.69635152,24.12
160481,1.682655,24.12
160600,1.6891004,24.12
160721,1.69554584,24.06
160844,1.6923232,24.06
160965,1.682655,24.06
161084,1.6842664,24.06
161205,1.6866834,24.06
161327,1.6834607,24.06
161450,1.6882948,24.06
161571,1.6866834,24.06
161694,1.6891004,24.06
161815,1.6931288,24.06
161936,1.6866834,24.12
162057,1.69635152,24.12
162180,1.6858778,24.12
162301,1.6850721,24.12
162426,1.6931288,24.12
162546,1.68990608,24.06
162669,1.69635152,24.06
162792,1.6931288,24.06
162913,1.6971572,24.06
163034,1.6939346,24.06
163155,1.6850721,24.06
163279,1.6786266,24.06
163400,1.6834607,24.06
163524,1.6866834,24.06
163645,1.6874892,24.06
163766,1.69071168,24.06
163889,1.6931288,24.06
164010,1.6915176,24.06
164131,1.6794324,24.06
164252,1.69635152,24.06
164376,1.69876852,24.06
164498,1.6939346,24.06
164619,1.69635152,24.06
164743,1.69635152,24.06
164865,1.69796284,24.06
164988,1.70038,24.06
165107,1.682655,24.06
165226,1.69071168,24.06
165350,1.6923232,24.06
165470,1.6866834,24.06
165591,1.6818494,24.06
165713,1.682655,24.06
165832,1.6971572,24.06
165953,1.68990608,24.06
166077,1.6866834,24.06
166198,1.69796284,24.06
166321,1.6931288,24.06
166442,1.6866834,24.06
166563,1.6866834,24.06
166684,1.69635152,24.06
166807,1.6866834,24.06
166928,1.6858778,24.06
167052,1.6939346,24.06
167174,1.6834607,24.06
167298,1.6939346,24.06
167419,1.6810436,24.06
167540,1.69554584,24.06
167663,1.6891004,24.06
167784,1.6923232,24.06
167904,1.6971572,24.06
168025,1.69071168,24.06
168148,1.6874892,24.06
168268,1.69635152,24.06
168391,1.69876852,24.06
168514,1.6842664,24.06
168635,1.6923232,24.06
168755,1.6923232,24.06
168875,1.69554584,24.06
168998,1.69554584,24.06
169121,1.6947402,24.06
169242,1.6850721,24.06
169366,1.6858778,24.06
169487,1.6810436,24.06
169608,1.6786266,24.06
169729,1.6866834,24.06
169850,1.6842664,24.06
169971,1.69635152,24.06
170094,1.69554584,24.06
170217,1.6874892,24.06
170337,1.6939346,24.06
170458,1.68990608,24.06
170581,1.6939346,24.06
170702,1.6786266,24.06
170823,1.69071168,24.06
170946,1.69554584,24.06
171069,1.69071168,24.06
171192,1.6858778,24.06
171313,1.6810436,24.06
171434,1.6850721,24.06
171558,1.69635152,24.06
171681,1.6810436,24.06
171802,1.6923232,24.06
171922,1.6842664,24.06
172043,1.6858778,24.06
172164,1.6794324,24.06
172284,1.6931288,24.06
172407,1.6874892,24.06
172528,1.69876852,24.06
172651,1.6923232,24.06
172771,1.682655,24.06
172890,1.69635152,24.06
173013,1.68990608,24.06
173136,1.69796284,24.06
173259,1.6866834,24.06
173380,1.69796284,24.06
173503,1.6850721,24.06
173627,1.69554584,24.06
173750,1.6891004,24.06
173871,1.69796284,24.06
173994,1.6923232,24.06
174114,1.69554584,24.06
174237,1.6794324,24.06
174357,1.68990608,24.06
174480,1.6923232,24.06
174600,1.6834607,24.06
174724,1.68990608,24.06
174847,1.68990608,24.06
174970,1.6915176,24.06
175090,1.6834607,24.06
175214,1.6858778,24.06
175335,1.6891004,24.06
175456,1.6923232,24.06
175576,1.6971572,24.06
175697,1.69071168,24.06
175820,1.6971572,24.06
175941,1.6858778,24.06
176062,1.69796284,24.06
176185,1.6818494,24.06
176306,1.6931288,24.06
176427,1.68990608,24.06
176550,1.6923232,24.06
176670,1.69554584,24.06
176793,1.6874892,24.06
176913,1.6866834,24.06
177034,1.6931288,24.06
177155,1.6834607,24.06
177279,1.6850721,24.06
177403,1.6834607,24.06
177527,1.6923232,24.06
177647,1.6834607,24.06
177810,1.69071168,24.06
177933,1.69554584,24.06
178056,1.6931288,24.06
178177,1.68990608,24.06
178300,1.6971572,24.06
178421,1.6834607,24.06
178545,1.6915176,24.06
178666,1.6923232,24.06
178786,1.6874892,24.06
178907,1.69796284,24.06
179030,1.69554584,24.06
179153,1.6850721,24.06
179277,1.6931288,24.06
179398,1.6931288,24.06
179519,1.69876852,24.06
179642,1.6834607,24.06
179766,1.6923232,24.06
179886,1.69876852,24.06
180009,1.682655,24.06
180128,1.682655,24.06
180247,1.6842664,24.06
180368,1.6891004,24.06
180489,1.6850721,24.06
180613,1.69071168,24.06
180736,1.6947402,24.06
180857,1.6834607,24.06
180981,1.6842664,24.06
181102,1.6891004,24.06
181223,1.6866834,24.06
181344,1.6915176,24.06
181465,1.6850721,24.06
181589,1.6874892,24.06
181710,1.6915176,24.06
181830,1.6971572,24.06
181951,1.6842664,24.06
182072,1.6842664,24.06
182193,1.69635152,24.06
182316,1.69876852,24.06
182439,1.6874892,24.06
182560,1.6995744,24.06
182681,1.68990608,24.06
182804,1.6931288,24.06
182925,1.69796284,24.06
183051,1.6834607,24.06
183175,1.69071168,24.06
183298,1.6866834,24.06
183419,1.68990608,24.06
183542,1.69635152,24.06
183665,1.6850721,24.06
183789,1.6931288,24.06
183910,1.6810436,24.06
184031,1.682655,24.06
184150,1.6891004,24.06
184271,1.6874892,24.06
184392,1.6850721,24.06
184516,1.6971572,24.06
184637,1.682655,24.06
184756,1.682655,24.06
184875,1.69796284,24.06
184998,1.6931288,24.06
185119,1.6794324,24.06
185240,1.69071168,24.06
185363,1.6858778,24.06
185484,1.68990608,24.06
185607,1.6850721,24.06
185731,1.69554584,24.06
185854,1.6947402,24.06
185975,1.6923232,24.06
186095,1.6834607,24.06
186219,1.682655,24.06
186338,1.6858778,24.06
186459,1.6834607,24.06
186583,1.6995744,24.06
186704,1.69876852,24.06
186827,1.6810436,24.06
186948,1.69796284,24.06
187071,1.69796284,24.06
187194,1.6923232,24.06
187314,1.6745982,24.06
187435,1.68990608,24.06
187558,1.6995744,24.06
187679,1.70038,24.06
187797,1.70038,24.06
187915,1.6931288,24.06
188036,1.7011856,24.06
188157,1.6939346,24.06
188278,1.7011856,24.06
188402,1.6874892,24.06
188523,1.69071168,24.06
188646,1.70038,24.06
188764,1.69876852,24.06
188887,1.69635152,24.06
189010,1.69635152,24.06
189133,1.69071168,24.06
189256,1.6939346,24.06
189377,1.6850721,24.06
189501,1.6842664,24.06
189622,1.68990608,24.06
189745,1.6850721,24.06
189869,1.6891004,24.06
189990,1.69554584,24.0
190113,1.70199132,24.0
190236,1.69635152,24.0
190359,1.6939346,24.0
190480,1.69876852,24.0
190603,1.6995744,24.06
190724,1.68990608,24.06
190847,1.69071168,24.06
190970,1.6891004,24.06
191091,1.6891004,24.06
191212,1.6866834,24.06
191333,1.682655,24.06
191452,1.682655,24.06
191571,1.6939346,24.06
191692,1.682655,24.06
191811,1.6858778,24.06
191932,1.6818494,24.06
192053,1.6866834,24.06
192174,1.69635152,24.06
192297,1.6891004,24.06
192418,1.69071168,24.06
192541,1.6874892,24.06
192662,1.69635152,24.06
192785,1.677821,24.06
192904,1.6874892,24.06
193025,1.6850721,24.06
193149,1.680238,24.06
193268,1.6842664,24.06
193389,1.6931288,24.06
193510,1.68990608,24.06
193633,1.6794324,24.06
193754,1.6866834,24.06
193878,1.6947402,24.06
194000,1.6891004,24.06
194121,1.6947402,24.06
194242,1.6923232,24.06
194362,1.6842664,24.06
194483,1.6923232,24.06
194603,1.69635152,24.06
194726,1.69876852,24.06
194849,1.70038,24.06
194967,1.69554584,24.06
195090,1.6891004,24.06
195211,1.6891004,24.06
195332,1.6834607,24.06
195456,1.6834607,24.06
195580,1.69635152,24.06
195703,1.682655,24.06
195822,1.6866834,24.06
195943,1.6850721,24.06
196067,1.69554584,24.06
196190,1.6810436,24.06
196311,1.69635152,24.06
196434,1.6810436,24.06
196555,1.6915176,24.06
196676,1.6858778,24.06
196797,1.6850721,24.06
196921,1.6923232,24.06
197041,1.6939346,24.06
197162,1.6842664,24.06
197283,1.6874892,24.06
197404,1.6866834,24.06
197525,1.6842664,24.06
197646,1.6834607,24.06
197770,1.6842664,24.06
197891,1.682655,24.06
198010,1.6834607,24.06
198134,1.6915176,24.06
198255,1.69071168,24.06
198378,1.68990608,24.06
198501,1.69796284,24.06
198624,1.6866834,24.06
198745,1.6842664,24.06
198866,1.69635152,24.06
198989,1.6891004,24.06
199110,1.6971572,24.06
199270,1.6850721,24.06
199394,1.6939346,24.06
199515,1.6931288,24.06
199636,1.68990608,24.06
199759,1.6874892,24.06
199880,1.680238,24.06
199999,1.70279692,24.06
200122,1.6891004,24.06
200243,1.6810436,24.06
200364,1.6834607,24.06
200488,1.6915176,24.06
200609,1.6915176,24.06
200730,1.6874892,24.06
200851,1.69876852,24.06
200974,1.69071168,24.06
201097,1.6866834,24.06
201218,1.69554584,24.06
201341,1.68990608,24.06
201464,1.6834607,24.06
201588,1.682655,24.06
201707,1.682655,24.06
201826,1.6971572,24.06
201947,1.6866834,24.06
202068,1.6891004,24.06
202189,1.6947402,24.06
202310,1.6858778,24.06
202431,1.6939346,24.06
202552,1.6834607,24.06
202676,1.6834607,24.06
202800,1.6866834,24.0
202921,1.6915176,24.0
203042,1.69554584,24.0
203165,1.6858778,24.0
203286,1.69876852,24.0
203409,1.69071168,24.0
203532,1.69071168,24.0
203655,1.6915176,24.0
203776,1.69071168,24.0
203899,1.69554584,24.0
204022,1.6939346,24.0
204143,1.6858778,24.0
204264,1.682655,24.0
204383,1.69554584,24.0
204506,1.6834607,24.0
204630,1.6850721,24.0
204757,1.69071168,24.0
204880,1.68990608,24.0
205003,1.6850721,24.0
205127,1.6810436,24.0
205248,1.6866834,24.0
205369,1.6947402,24.0
205490,1.69796284,24.0
205613,1.69071168,24.0
205736,1.6931288,24.0
205857,1.6931288,24.06
205978,1.6971572,24.06
206099,1.6923232,24.06
206219,1.6858778,24.06
206340,1.6931288,24.06
206461,1.6971572,24.0
206582,1.6915176,24.0
206703,1.6995744,24.0
206824,1.6891004,24.0
206945,1.69071168,24.0
207068,1.69071168,24.0
207191,1.6915176,24.0
207312,1.6866834,24.0
207433,1.6834607,24.0
207557,1.70279692,24.0
207680,1.6915176,24.0
207801,1.69071168,24.0
207924,1.6891004,24.0
208045,1.70038,24.0
208163,1.6915176,24.0
208284,1.6891004,24.0
208405,1.69554584,24.0
208528,1.6891004,24.0
208649,1.6850721,24.0
208773,1.6915176,24.0
208894,1.6842664,24.0
209015,1.6842664,24.0
209136,1.6874892,24.0
209257,1.6971572,24.0
209378,1.6850721,24.0
209502,1.70038,24.0
209620,1.6842664,24.0
209741,1.7116594,24.0
209862,1.6850721,24.0
209986,1.6939346,24.0
210107,1.6995744,24.0
210228,1.69876852,24.0
210354,1.6939346,24.0
210476,1.6866834,24.0
210597,1.6891004,24.0
210718,1.6866834,24.0
210839,1.68990608,24.0
210962,1.6939346,24.0
211083,1.6939346,24.0
211204,1.6866834,24.0
211325,1.6850721,24.0
211449,1.70440832,24.0
211572,1.6858778,24.0
211693,1.69071168,24.0
211816,1.6971572,24.0
211937,1.69554584,24.0
212060,1.6931288,24.0
212181,1.6874892,24.0
212302,1.6874892,24.0
212423,1.6858778,24.0
212544,1.6842664,24.0
212665,1.69635152,24.0
212788,1.70038,24.0
212906,1.6866834,24.0
213027,1.6971572,24.0
213148,1.6866834,24.0
213269,1.6866834,24.0
213390,1.6891004,24.0
213511,1.6891004,24.0
213632,1.6931288,24.0
213753,1.6842664,24.0
213874,1.6931288,24.0
213995,1.6850721,24.0
214119,1.69876852,24.0
214242,1.6850721,24.0
214366,1.6842664,24.0
214487,1.6891004,24.0
214608,1.6866834,24.0
214729,1.6882948,24.0
214850,1.6874892,24.0
214971,1.68990608,24.0
215094,1.69796284,24.0
215217,1.69071168,24.0
215340,1.6842664,24.0
215461,1.69554584,24.0
215584,1.6915176,24.0
215705,1.6850721,24.0
215829,1.6971572,24.0
215953,1.6923232,24.0
216074,1.6858778,24.0
216195,1.6971572,24.0
216316,1.6931288,24.0
216437,1.6858778,24.0
216558,1.6858778,24.0
216679,1.69796284,24.0
216802,1.6874892,24.0
216923,1.6858778,24.0
217044,1.6874892,24.0
217165,1.6858778,24.0
217286,1.6842664,24.0
217407,1.6931288,24.0
217528,1.6850721,24.0
217652,1.69635152,24.0
217775,1.6939346,24.0
217896,1.680238,24.0
218015,1.69635152,24.0
218138,1.6971572,24.0
218259,1.6737926,24.0
218380,1.6850721,24.0
218504,1.6842664,24.0
218625,1.6874892,24.0
218746,1.70038,24.0
218864,1.6874892,24.0
218985,1.6882948,24.0
219106,1.6834607,24.0
219230,1.69554584,24.0
219353,1.6931288,24.0
219474,1.6810436,24.0
219595,1.6891004,24.0
219716,1.6891004,24.0
219837,1.6939346,24.0
219958,1.6850721,24.0
220082,1.6923232,24.0
220202,1.6874892,24.0
220323,1.6891004,24.0
220444,1.6794324,24.0
220565,1.6939346,24.0
220686,1.6874892,24.0
220807,1.69554584,24.0
220930,1.682655,24.0
221050,1.69796284,24.0
221173,1.6858778,24.0
221294,1.6850721,24.0
221418,1.682655,24.0
221574,1.6810436,24.0
221696,1.69796284,24.0
221819,1.6891004,24.0
221940,1.6842664,24.0
222061,1.6866834,24.0
222182,1.69071168,24.0
222305,1.6834607,24.0
222429,1.6866834,24.0
222550,1.70038,24.0
222668,1.6858778,24.0
222789,1.6891004,24.0
222910,1.6891004,24.0
223031,1.6891004,24.0
223152,1.69635152,24.0
223275,1.6834607,24.0
223399,1.6915176,24.0
223520,1.69876852,24.0
223643,1.68990608,24.0
223766,1.6858778,24.0
223887,1.6915176,24.0
224008,1.69635152,24.0
224131,1.6882948,24.0
224252,1.6931288,24.0
224373,1.6794324,24.0
224494,1.6850721,24.0
224618,1.70199132,24.0
224741,1.69554584,24.0
224864,1.6842664,24.0
224985,1.6866834,24.0
225106,1.6810436,24.0
225227,1.6842664,24.0
225348,1.6866834,24.0
225469,1.682655,24.0
225589,1.6858778,24.0
225710,1.69796284,24.0
225833,1.69796284,24.0
225956,1.680238,24.0
226075,1.69071168,24.0
226198,1.69796284,24.0
226321,1.68990608,24.0
226444,1.6923232,24.0
226564,1.69554584,24.0
226687,1.6939346,24.0
226808,1.69876852,24.0
226931,1.6874892,24.0
227052,1.6874892,24.0
227175,1.6923232,24.0
227296,1.69071168,24.0
227419,1.69876852,24.0
227542,1.6850721,24.0
227666,1.6939346,24.0
227787,1.6882948,24.0
227908,1.6834607,24.0
228032,1.69554584,24.0
228155,1.69635152,24.0
228278,1.6923232,23.94
228399,1.6850721,23.94
228523,1.6850721,23.94
228647,1.6939346,23.94
228768,1.69071168,23.94
228891,1.6866834,23.94
229012,1.6947402,23.94
229133,1.6939346,23.94
229254,1.6882948,23.94
229375,1.6923232,23.94
229495,1.6939346,24.0
229616,1.70038,24.0
229734,1.6995744,24.0
229855,1.70038,24.0
229973,1.6931288,24.0
230094,1.6891004,24.0
230215,1.70279692,23.94
230338,1.69796284,23.94
230461,1.6891004,23.94
230582,1.69635152,23.94
230705,1.69796284,23.94
230828,1.69876852,23.94
230951,1.6850721,23.94
231075,1.70279692,23.94
231198,1.6858778,23.94
231319,1.69876852,23.94
231442,1.6858778,23.94
231563,1.69796284,24.0
231686,1.6891004,24.0
231812,1.6866834,24.0
231933,1.6939346,24.0
232054,1.6931288,24.0
232175,1.6995744,23.94
232296,1.6931288,23.94
232417,1.69796284,23.94
232540,1.69876852,23.94
232667,1.6874892,23.94
232788,1.69071168,23.94
232911,1.6858778,23.94
233032,1.69554584,23.94
233155,1.6923232,23.94
233276,1.6850721,23.94
233400,1.6931288,24.0
233521,1.6858778,24.0
233642,1.69796284,24.0
233765,1.6874892,24.0
233886,1.6915176,24.0
234007,1.69876852,23.94
234130,1.68990608,23.94
234253,1.69876852,23.94
234376,1.69554584,23.94
234499,1.6939346,23.94
234620,1.6874892,23.94
234740,1.6882948,23.94
234860,1.69796284,23.94
234983,1.69554584,23.94
235106,1.6874892,23.94
235227,1.69635152,24.0
235350,1.6971572,24.0
235471,1.6882948,24.0
235592,1.68990608,24.0
235715,1.6850721,24.0
235839,1.6971572,23.94
235960,1.6931288,23.94
236081,1.68990608,23.94
236204,1.6995744,23.94
236325,1.6931288,23.94
236446,1.6874892,23.94
236567,1.69796284,23.94
236690,1.6850721,23.94
236814,1.6971572,23.94
236935,1.7011856,23.94
237056,1.6931288,24.0
237177,1.680238,24.0
237297,1.6923232,24.0
237417,1.6882948,24.0
237538,1.69635152,24.0
237661,1.6891004,24.0
237782,1.6939346,24.0
237903,1.6850721,24.0
238027,1.682655,24.0
238150,1.6842664,24.0
238271,1.6931288,24.0
238392,1.69071168,23.94
238515,1.6923232,23.94
238635,1.6931288,23.94
238756,1.6891004,23.94
238877,1.68990608,23.94
239000,1.6818494,23.94
239121,1.69876852,23.94
239244,1.6834607,23.94
239368,1.6858778,23.94
239489,1.69071168,23.94
239612,1.6915176,23.94
239733,1.682655,23.94
239852,1.6850721,23.94
239976,1.69876852,23.94
240099,1.6850721,23.94
240223,1.69071168,23.94
240346,1.69876852,23.94
240469,1.6923232,23.94
240590,1.682655,23.94
240709,1.69876852,23.94
240832,1.6923232,24.0
240952,1.6939346,24.0
241073,1.6931288,24.0
241194,1.6923232,24.0
241315,1.6915176,24.0
241436,1.68990608,23.94
241559,1.6858778,23.94
241680,1.69796284,23.94
241803,1.6866834,23.94
241924,1.6923232,23.94
242045,1.68990608,23.94
242168,1.6834607,23.94
242292,1.6931288,23.94
242413,1.6915176,23.94
242534,1.6874892,23.94
242655,1.6858778,23.94
242776,1.69554584,23.94
242899,1.6834607,23.94
243023,1.6939346,23.94
243144,1.682655,23.94
243263,1.6923232,23.94
243384,1.6858778,24.0
243546,1.6874892,24.0
243667,1.6915176,24.0
243788,1.6891004,24.0
243909,1.6874892,24.0
244030,1.6874892,23.94
244151,1.6834607,23.94
244275,1.69635152,23.94
244398,1.6834607,23.94
244522,1.6931288,23.94
244643,1.69071168,23.94
244766,1.6971572,23.94
244887,1.6995744,23.94
245008,1.6971572,23.94
245129,1.6995744,23.94
245250,1.6995744,23.94
245371,1.69071168,23.94
245494,1.6850721,23.94
245618,1.6931288,23.94
245739,1.6850721,23.94
245863,1.69554584,23.94
245986,1.69554584,23.94
246109,1.69796284,23.94
246232,1.68990608,23.94
246355,1.6850721,23.94
246479,1.6971572,23.94
246600,1.6923232,23.94
246721,1.6923232,23.94
246841,1.70038,23.94
246959,1.70038,23.94
247077,1.6842664,23.94
247198,1.6842664,23.94
247319,1.69554584,23.94
247442,1.6866834,23.94
247563,1.69635152,23.94
247686,1.6931288,23.94
247807,1.69796284,23.94
247930,1.69876852,23.94
248053,1.6939346,23.94
248174,1.69796284,23.94
248297,1.69876852,23.94
248420,1.6882948,23.94
248541,1.70199132,23.94
248664,1.6923232,23.94
248785,1.69554584,23.94
248911,1.6858778,23.94
249033,1.6874892,23.94
249154,1.69796284,23.94
249277,1.70038,23.94
249395,1.69796284,23.94
249518,1.6858778,23.94
249639,1.6939346,23.94
249760,1.68990608,23.94
249883,1.6923232,23.94
250004,1.69071168,23.94
250127,1.6850721,23.94
250251,1.69876852,23.94
250374,1.6866834,23.94
250495,1.69796284,23.94
250618,1.69635152,23.94
250741,1.6842664,23.94
250862,1.6995744,23.94
250983,1.6842664,23.94
251104,1.70199132,23.94
251227,1.6915176,23.94
251348,1.70199132,23.94
251471,1.6882948,23.94
251592,1.6931288,23.94
251713,1.69554584,23.94
251836,1.69635152,23.94
251959,1.69635152,23.94
252082,1.6931288,23.94
252203,1.70038,23.94
252321,1.69796284,23.94
252444,1.69554584,23.94
252567,1.6891004,23.94
252688,1.70199132,23.94
252811,1.69635152,23.94
252934,1.69635152,23.94
253057,1.6874892,23.94
253178,1.6923232,23.94
253299,1.69796284,23.94
253422,1.69635152,23.94
253545,1.6866834,23.94
253667,1.6923232,23.94
253787,1.69554584,23.94
253910,1.70038,23.94
254028,1.69635152,23.94
254151,1.6882948,23.94
254275,1.69876852,23.94
254399,1.6834607,23.94
254523,1.69554584,23.94
254646,1.69635152,23.94
254769,1.70038,23.94
254887,1.6850721,23.94
255011,1.70038,23.94
255129,1.69071168,23.94
255252,1.70199132,23.94
255375,1.6850721,23.94
255499,1.6858778,23.94
255620,1.6915176,23.94
255741,1.6858778,23.94
255862,1.6866834,23.94
255983,1.6931288,23.94
256104,1.6923232,23.94
256224,1.6842664,23.94
256345,1.70279692,23.94
256468,1.69554584,23.94
256591,1.69876852,23.94
256714,1.6858778,23.94
256835,1.6842664,23.94
256956,1.6923232,23.94
257076,1.6939346,23.94
257197,1.6923232,23.94
257317,1.6834607,23.94
257441,1.6842664,23.94
257562,1.6971572,23.94
257683,1.6858778,23.94
257804,1.6891004,23.94
257925,1.6874892,23.94
258046,1.6874892,23.94
258167,1.6874892,23.94
258288,1.6931288,23.94
258409,1.6866834,23.94
258530,1.69796284,23.94
258653,1.70199132,23.94
258776,1.68990608,23.94
258900,1.69635152,23.94
259023,1.68990608,23.94
259146,1.69876852,23.94
259269,1.6971572,23.94
259390,1.6866834,23.94
259511,1.6874892,23.94
259636,1.69635152,23.94
259759,1.6971572,23.94
259880,1.6834607,23.94
260004,1.69554584,23.94
260127,1.6923232,23.94
260247,1.70279692,23.94
260371,1.6915176,23.94
260492,1.69796284,23.94
260615,1.6858778,23.94
260737,1.682655,23.94
260856,1.6923232,23.94
260977,1.69876852,23.94
261100,1.6866834,23.94
261222,1.6866834,23.94
261343,1.6971572,23.94
261464,1.6834607,23.94
261588,1.69876852,23.94
261711,1.682655,23.94
261831,1.6842664,23.94
261953,1.6891004,23.94
262073,1.69554584,23.94
262196,1.682655,23.94
262315,1.6915176,23.94
262436,1.6882948,23.94
262556,1.69796284,23.94
262679,1.6915176,23.94
262800,1.6995744,23.94
262921,1.6939346,23.94
263042,1.69796284,23.94
263165,1.6923232,23.94
263285,1.6842664,23.94
263406,1.6874892,23.94
263527,1.6891004,23.94
263648,1.68990608,23.94
263771,1.6834607,23.94
263895,1.6882948,23.94
264015,1.69071168,23.94
264138,1.6931288,23.94
264259,1.682655,23.94
264379,1.69796284,23.94
264502,1.6858778,24.0
264623,1.69635152,24.0
264746,1.69071168,24.0
264869,1.6850721,24.0
265032,1.6858778,24.0
265154,1.6858778,23.94
265275,1.6891004,23.94
265396,1.6882948,23.94
265517,1.6995744,23.94
265638,1.6858778,23.94
265760,1.69554584,23.94
265882,1.6866834,23.94
266003,1.6939346,23.94
266124,1.6858778,23.94
266245,1.69554584,23.94
266369,1.69876852,24.0
266491,1.6866834,24.0
266612,1.6834607,24.0
266736,1.6850721,24.0
266861,1.6923232,24.0
266981,1.69554584,24.0
267104,1.69876852,24.0
267228,1.6842664,24.0
267348,1.68990608,24.0
267471,1.6931288,24.0
267593,1.6858778,23.94
267714,1.6810436,23.94
267835,1.682655,23.94
267955,1.6939346,23.94
268076,1.69554584,23.94
268199,1.6874892,23.94
268319,1.6834607,23.94
268443,1.6810436,23.94
268564,1.68990608,23.94
268687,1.69071168,23.94
268810,1.69876852,23.94
268933,1.69876852,23.94
269056,1.682655,23.94
269176,1.69071168,23.94
269299,1.69554584,23.94
269423,1.69635152,24.0
269545,1.6874892,24.0
269666,1.69554584,24.0
269789,1.6858778,24.0
269911,1.69876852,24.0
270033,1.6858778,23.94
270154,1.69876852,23.94
270278,1.69071168,23.94
270404,1.69554584,23.94
270527,1.69635152,23.94
270651,1.6818494,24.0
270772,1.6891004,24.0
270893,1.6858778,24.0
271014,1.6971572,24.0
271135,1.6850721,24.0
271259,1.69796284,24.0
271382,1.6971572,24.0
271504,1.6842664,24.0
271624,1.6931288,24.0
271745,1.6866834,24.0
271867,1.6923232,23.94
271987,1.69635152,23.94
272110,1.6939346,23.94
272231,1.6866834,23.94
272352,1.6939346,23.94
272473,1.69635152,24.0
272596,1.6866834,24.0
272717,1.682655,24.0
272837,1.6834607,24.0
272960,1.6915176,24.0
273080,1.6850721,23.94
273204,1.6874892,23.94
273325,1.6939346,23.94
273447,1.6858778,23.94
273568,1.6866834,23.94
273689,1.6931288,24.0
273811,1.6971572,24.0
273931,1.6866834,24.0
274052,1.69071168,24.0
274175,1.6971572,24.0
274297,1.69554584,24.0
274419,1.6882948,24.0
274539,1.70521392,24.0
274662,1.69876852,24.0
274785,1.6931288,24.0
274906,1.6866834,23.94
275027,1.6891004,23.94
275148,1.6850721,23.94
275272,1.6923232,23.94
275393,1.6923232,23.94
275513,1.69796284,23.94
275636,1.6995744,23.94
275757,1.68990608,23.94
275880,1.69635152,23.94
276007,1.6915176,23.94
276128,1.6866834,24.0
276249,1.6882948,24.0
276370,1.69796284,24.0
276494,1.69876852,24.0
276616,1.70038,24.0
276734,1.6995744,23.94
276856,1.6834607,23.94
276979,1.70038,23.94
277097,1.6850721,23.94
277221,1.6891004,23.94
277343,1.6939346,23.94
277464,1.69071168,23.94
277587,1.70038,23.94
277706,1.6923232,23.94
277826,1.6931288,23.94
277947,1.69554584,23.94
278071,1.6874892,23.94
278192,1.6931288,23.94
278312,1.6995744,23.94
278433,1.6858778,23.94
278555,1.6923232,23.94
278675,1.68990608,23.94
278799,1.682655,23.94
278918,1.6995744,23.94
279040,1.7011856,23.94
279161,1.69876852,23.94
279284,1.69635152,23.94
279407,1.69071168,23.94
279531,1.69876852,23.94
279653,1.6850721,23.94
279777,1.6866834,23.94
279898,1.6882948,23.94
280019,1.69796284,24.0
280143,1.6995744,24.0
280263,1.69635152,24.0
280386,1.6915176,24.0
280507,1.6995744,24.0
280628,1.70038,23.94
280746,1.6971572,23.94
280867,1.6995744,23.94
280988,1.70440832,23.94
281111,1.6891004,23.94
281233,1.68990608,23.94
281359,1.68990608,23.94
281483,1.6995744,23.94
281604,1.69876852,23.94
281728,1.6874892,23.94
281849,1.69796284,23.94
281971,1.69554584,24.0
282094,1.6834607,24.0
282218,1.68990608,24.0
282341,1.6923232,24.0
282462,1.69554584,24.0
282584,1.6939346,23.94
282705,1.70199132,23.94
282829,1.69796284,23.94
282951,1.69554584,23.94
283074,1.6939346,23.94
283196,1.6866834,23.94
283317,1.7011856,23.94
283438,1.6931288,23.94
283559,1.6858778,23.94
283680,1.6931288,23.94
283801,1.69635152,24.0
283924,1.6866834,24.0
284045,1.6939346,24.0
284166,1.6923232,24.0
284286,1.6850721,24.0
284410,1.69554584,23.94
284533,1.69071168,23.94
284656,1.6971572,23.94
284777,1.6858778,23.94
284898,1.69876852,23.94
285021,1.69554584,23.94
285145,1.69876852,23.94
285267,1.68990608,23.94
285390,1.6858778,23.94
285511,1.70038,23.94
285629,1.69876852,23.94
285753,1.6810436,23.94
285873,1.69635152,23.94
285996,1.6858778,23.94
286118,1.6995744,23.94
286238,1.6874892,23.94
286359,1.6858778,23.94
286480,1.68990608,23.94
286603,1.69876852,23.94
286726,1.6842664,23.94
286891,1.6866834,23.94
287013,1.6882948,23.94
287134,1.6939346,23.94
287256,1.6850721,23.94
287379,1.6891004,23.94
287500,1.6850721,23.94
287624,1.6971572,23.94
287746,1.6882948,23.94
287866,1.6931288,23.94
287987,1.682655,23.94
288107,1.69071168,23.94
288231,1.6995744,23.94
288351,1.69635152,23.94
288474,1.6971572,23.94
288595,1.6891004,23.94
288716,1.6931288,23.94
288837,1.6850721,23.94
288961,1.69635152,23.94
289084,1.70038,23.94
289203,1.69071168,23.94
289325,1.70038,24.0
289443,1.68990608,24.0
289566,1.69796284,24.0
289689,1.69635152,24.0
289812,1.6858778,24.0
289933,1.6842664,23.94
290054,1.6891004,23.94
290175,1.69635152,23.94
290299,1.6931288,23.94
290419,1.6866834,23.94
290540,1.6923232,23.94
290661,1.6842664,23.94
290782,1.70038,23.94
290900,1.6891004,23.94
291021,1.6866834,23.94
291142,1.69635152,24.0
291265,1.6882948,24.0
291386,1.6850721,24.0
291509,1.6874892,24.0
291630,1.6850721,24.0
291754,1.6939346,24.0
291876,1.69876852,23.94
291998,1.6866834,23.94
292119,1.6834607,23.94
292247,1.69554584,23.94
292370,1.682655,23.94
292490,1.70440832,23.94
292613,1.69554584,23.94
292736,1.6866834,23.94
292857,1.6866834,23.94
292978,1.6915176,23.94
293099,1.7011856,23.94
293221,1.69876852,23.94
293343,1.6931288,23.94
293464,1.6923232,23.94
293584,1.6874892,23.94
293705,1.69876852,24.0
293828,1.6891004,24.0
293949,1.6850721,24.0
294074,1.69796284,24.0
294196,1.69071168,24.0
294319,1.69635152,24.0
294442,1.69635152,24.0
294565,1.69554584,24.0
294688,1.69796284,24.0
294811,1.6915176,24.0
294932,1.69554584,23.94
295055,1.6971572,23.94
295176,1.6866834,23.94
295298,1.6939346,23.94
295419,1.6858778,23.94
295540,1.6834607,23.94
295664,1.6850721,23.94
295788,1.6834607,23.94
295912,1.6915176,23.94
296033,1.69876852,23.94
296157,1.6834607,23.94
296280,1.69635152,23.94
296403,1.6866834,23.94
296524,1.70038,23.94
296643,1.69796284,23.94
296766,1.70038,23.94
296884,1.6850721,23.94
297008,1.6866834,23.94
297129,1.69635152,23.94
297252,1.6971572,23.94
297373,1.6939346,23.94
297494,1.6842664,23.94
297615,1.69796284,23.94
297740,1.70521392,23.94
297864,1.70279692,23.94
297987,1.69554584,23.94
298110,1.6971572,23.94
298231,1.6891004,23.94
298352,1.6834607,23.94
298476,1.6858778,23.94
298597,1.69796284,23.94
298720,1.6891004,23.94
298841,1.6858778,23.94
298962,1.6842664,23.94
299083,1.6850721,23.94
299207,1.70360268,23.94
299330,1.6882948,23.94
299450,1.6874892,23.94
299570,1.70279692,23.94
299693,1.6850721,23.94
299817,1.70038,23.94
299935,1.70199132,23.94
300058,1.69635152,23.94
